tweet,Sentiment
berbeda dari karakter thor yang lekat dengan chris hemsworth sang aktor kali ini sukses tampil impresif dalam perannya sebagai steve abnesti dalam film spiderhead yang berujung pada masuknya film tersebut kah trend netflix di indonesia chrishemsworth spiderhead,Netral
rt indonesianatv berita duka cita datang dari dunia perfilman indonesia rima melati seorang aktris senior meninggalkan kita untuk selam,Netral
saya pikir selebtwit indonesia taunya trevor yang ngetweet kaget bingits film horror indonesia di appreciate orang luar,Netral
rt yan_widjaya rip rima melati marjolein tambajong van rest tondano jakarta dipanggil yang kuasa pada pkl,Netral
film the black phone tayang di bioskop indonesia mulai hari ini rabu film horor supranatural ini mengisahkan tentang misteri penculikan remaja via detik_jabar,Negative
harrison ford berbohong yang ia lakukan hanya shooting film tonton klarifikasinya bapak zul_hasan indonesia memasuki era reformasi tidak bisa semena mena ngusir warga sesuai keinginan harrison ford jaga marwah bangsa kita indonesia zulkifli hasan harrison ford berbohong,Netral
rt charlesgozali selamat jalan tante rima melati terkasih selamat berkumpul kembali bersama om frans tumbuan di surga per rima me,Netral
penonton hari pertama keluarga cemara semangat jelang akhir pekan pencinta film indonesia,Netral
bagaimana kesan kamu setelah ketemu boneka bobby,Netral
harrison ford berbohong yang ia lakukan hanya shooting film tonton klarifikasinya pak zul_hasan indonesia memasuki era reformasi tidak bisa semena-mena ngusir warga sesuai keinginan harrison ford jaga marwah bangsa kita indonesia zulkifli hasan harrison ford berbohong,Netral
update tips cari film indonesia yang akan dirilis di bioskop via twitter kofindo kofindo blog,Netral
snelliedcs watchmenid saya tidak minat nonton di bioskop si kalau film ini bukan karena takut filmnya jelek tapi takut setannya ori indonesia yang bentukannya paling tidak mau saya lihat,Netral
rt festivalfilmid ffi turut berduka cita atas berpulangnya sahabat keluarga kami rima melati marjolien tambajong pada kamis juni,Netral
rt danieldokter sebagai salah satu aktris legendaris di perfilman kita almh rima melati punya banyak sekali prestasi akting tapi transf,Netral
seharian di siantar seram seram sedap,Netral
bandung yok nonton duluan ranah warna,Netral
rima melati merupakan salah satu aktris senior yang mewarnai dunia film musik bahkan model di indonesia tempo seleb,Netral
rt film_indonesia teaser poster untuk untuk dan diangkat dari serial legendaris jadi pocong karya mandra dari produser dheeraj kalwani da,Netral
rt memefess kalau nonton film bisa merubah pola pikir orang seharusnya anak indonesia semua sudah beragama budha karena anak,Netral
rt jokoanwar rest in love tante rima melati salah satu manusia paling baik hati,Positive
hayoo siapa pengusaha indonesia itu yang di ln mengaku pangeran pengusaha ini berani bayar juta yen kencan setara gaji bulan bintangi film porno ini reaksi miyabi,Netral
senang tahun ini banyak film horror indonesia muncul,Netral
rt memefess kalau nonton film bisa merubah pola pikir orang seharusnya anak indonesia semua sudah beragama budha karena anak,Netral
rest in peace rima melati aktris senior indonesia dekade film penghargaan nominasi per rima melati,Netral
jokoanwar bikin film tentang sejarah kerajaan di indonesia dong bung,Netral
menangkan cinema tickets untuk orang buat nonton film terbaru elvis dari ressoidn tidak sony music indonesia mau cek disini,Netral
rt cittairlanie seram seram sedap ini salah satu dari sedikit film indonesia yang dialognya jelas koheren logis enak banget ditonton,Netral
rt filmmusiksaya tidak heran sih karena bioskop juga telah dilengkapi dengan berbagai macam teknologi pendukung agar sensasi menonto,Netral
rt filmmusiksaya sejarah hadirnya bioskop di indonesia menonton film di bioskop merupakan kegemaran bagi kebanyakan orang karena mem,Netral
aku termasuk yang orang itu plis film ini wajib banget ditonton selain product placement di awal yang memang agak ganggu aspek lainnya itu digarap dengan lumayan rapi kelihatan banget pengembangan film indonesia yang makin mantap,Netral
mvs gaes saranin film horor indonesia yang menurut kalian seru dongg pleasee,Netral
untuk kalian para remaja di era milenium tersebut ayo bernostalgia sekaligus cek deretan film populer di bawah ini kali saja ada yang ketinggalan belum ditonton ini,Netral
sebenernya masih banyak lagi yang seru dan menarik yang lebih dari sekedar film so this is recommendation movie for you world health organization want explore indonesian movie kira-kira film indonesia apa lagi yaa yang seru,Netral
mvs saranin film indonesia yang ada di netflix dong tia,Netral
banyak temen-temen saya yang selalu underestimate dengan film-film indonesia yaa mungkin ada penilaian sendiri dari mereka padahal tidak semua film indonesia itu genrenya horror video porno and now teman-teman want to share indonesian movie yang menurut ku seru worth it for to watch,Positive
erickthohir bikin film masa depan indonesia tahun yang akan datang dong minimal bikin yang tahun yang akan datang tentang masa depan news swan tara ngirit biyaya kalau suka jadi pemimpi dan negeri,Negative
harapan masa depan film indonesia ini status temenku di fp jurassic world health organization,Netral
dalam hampir sebagian besar cerita hantu di indonesia lebih-lebih yang ditampilkan dalam film selalu kita dapatkan hantu sebagai penampakan kembali arwah penasaran yang akan membalas dendam dan semua itu harus ditumpas,Netral
banyak banget yemen teman saya yang kalau diajak nonton film lokal pasti bilangnya 'ga suka film lokal terus overproud sama film luar hai industri perfilman indonesia sudah perlahan melangkah maju loh kalau rakyatnya bicara seperti begitu bagaimana mau maju benerannya ,Netral
harrison ford berbohong yang ia lakukan hanya shooting film tonton klarifikasinya dan sebarkan indonesia memasuki era reformasi tidak bisa semena mena ngusir warga sesuai keinginan harrison ford jaga marwah bangsa kita indonesia zulkifli hasan harrison ford berbohong,Netral
sinopsis dan link nonton man vs bee episode subtitle bahasa indonesia ada kaitan dengan mr bean,Netral
rt indonesianatv berita duka cita datang dari dunia perfilman indonesia rima melati seorang aktris senior meninggalkan kita untuk selam,Netral
rempahancireng askrlfess wah padahal cinematiknya bagus sih untuk ukuran indonesia sebagai pemula film superhero ceritanya juga menarik,Netral
kenapa banyak banget film rasa ftv iya di indonesia,Netral
perikanan asal indonesia film ini akan mengajak anda melihat lebih dekat praktik eksploitasi yang jarang diungkap saksikan trailernya di sini acara ini terbuka untuk umum jadi segera daftarkan diri anda link pendaftaran,Netral
rt conanfansclub sementara itu di universe lain film bride of halloween sudah mulai tayang reguler hari ini di bioskop indonesia https,Netral
bicaraboxoffice berharap banget film ini bisa tembus top film terlaris indonesia bismillah ,Positive
usa menguasai indonesia proyeksi profesor profesor ini hebat maaf saya tidak bisa kamu tipu saya katholik saya indonesia all right bagus film jason bourne yourre the boss all right,Positive
misteri menarik film thor love and thunder segera tayang juli di indonesia thor thorloverandthunder,Positive
pakai seragam sekolah ala drakor belum tentu film jadi bagus aslinya males banget nontonnya bagi saya standard film tema sekolah indonesia yang bagus itu iya miles films,Netral
lujauh heartocage bacainko strategi_bisnis menurut saya penonton sebenarnya objektif juga kok klu bagus iya memang bagus kurang iya memang kurang film seram seram sedap tidak disangka sangka bisa laris dan diterima penonton film superhero ini genre baru di indonesia dan penonton pasti bandingin dengan versi luar,Netral
film animasi prancis ernest et celestine akan di bedah di cine moi bulan ini film yang bercerita tentang persahabatan beruang besardan seekor tikus kecil yatim piatu ini cocok untuk ditonton bersama keluarga ayo daftar kita ulas filmnya bersama,Netral
rt plantophilie ngomong-ngomong ini bukan untuk mencari padanan kata-kata penyihir di atas kah dalam bahasa indonesia yaa tapi untuk jelasin perbedaannya,Netral
strategi_bisnis yang membunuh perfilman indonesia itu sebenarnya iya ini yang sok edgy tidak mau apresiasi karya lokal kalau sudah begini akan film lokal bakal mentok di horror cinta komedi baru mau berkembang padahal lucu saja kalau ada yang bandingin sama cgi marvel yang budget nya lipat,Negative
moviemenfes penonton indonesia pada norak tidak bisa dikasi film bagus tahu tidak sih karya itu tidak bakal boong kalau memang bagus iya berarti bagus film yang flop tapi yang disalahin penonton,Netral
rt cittairlanie seram seram sedap ini salah satu dari sedikit film indonesia yang dialognya jelas koheren logis enak banget ditonton,Netral
rt cittairlanie seram seram sedap ini salah satu dari sedikit film indonesia yang dialognya jelas koheren logis enak banget ditonton,Netral
jangan ditelan pernyataan media aktornye juga kebanyakan akting simak ini penjelasannya dari pak zul_hasan harrison ford berbohong yang ia lakukan hanya syuting film lur jaga marwah bangsa kita indonesia zulkifli hasan harrison ford berbohong,Netral
rt adrienneadelio apa kabarnya itu felix siauw yang mau menayangkan film sejarah khilafah masuk indonesia di bioskop mana,Netral
rt jokoanwar saya mau share tentang industri film indonesia iya teman-teman mudah-mudahan bisa nambah wawasan bagaimana film indonesia bis,Netral
rt ketuakelasbinal rekomendasi film indonesia yang ada di netflix sebuah utas,Netral
rt mediaindonesia gala premiere film ranah warna digelar meriah pada kamis berlokasi di cinema xxi epicentrum walk jakarta fil,Netral
kebiasaan nonton yang berbahasa inggris korea atau tidak indonesia terus kadang jadi suka males nonton film series yang katanya bagus banget kalau bahasanya beda diantara itu,Netral
update tips cari film indonesia yang akan dirilis di bioskop via twitter kofindo kofindo blog,Netral
noonaseungmin askrlfess mnrt saya orang indonesia kayanya masih meragukan kualitas film fiksi action bikinan negeri sendiri jadi mencari yang sudah pasti seru genre lain saja wlopun tidak banget,Positive
rt bicaraboxoffice reputasi mengerikan bene dion sebagai penulis skenario film-film indonesia terlaris jangkrik boss,Netral
rt haibundacom si kecil sangat menyukai film-film superhero ayo ajak mereka melihat berbagai keseruan marvel studios universe of her,Netral
tidak ada kata yang dapat menggambarkan bahagianya kami keluarga besar film ranah warna terima kasih semua pihak yang sudah mendukung dari awal produksi hingga akhirnya akan tayang di bioskop indonesia nantikan ranah warna mulai juni di bioskop semua punya warna,Netral
rt cittairlanie seram seram sedap ini salah satu dari sedikit film indonesia yang dialognya jelas koheren logis enak banget ditonton,Netral
film horor indonesia mumun dikabarkan akan tayang di bioskop pada september hmm jadi penasaran apakah bakal ada jeffry si pocong jahat yang bertaring dengan matanya yang merah,Netral
bayu_joo tidak lah saya ngefan berat sama band indonesia lagu-lagu dekat dihati saya ini film-film ternyata bagus banyak karya puisi indah tidak banyak mix bahasa saya tertawa cmn gabung malaysia indonesia italia sama spanyol jelas tidak wahai teman saya,Netral
rt bicaraboxoffice reputasi mengerikan bene dion sebagai penulis skenario film-film indonesia terlaris jangkrik boss,Netral
cincin cincin apa yang abadi tapi cincin yang dipegang reza rahadian ini beneran abadi loh kalau belum nonton langsung saja cek film pendek seperti sediakala di youtube samsung indonesia color palette bikindan berbagi,Netral
apakah film jepang yang dilarang tayang di indonesia link dowloadnya dimana,Netral
film bucin apa si yang ramai di indonesia saya rasa lebih ramai film horor sama komedi deh,Netral
foto keke tumbuan anak mendiang rima melati pekerja film yang punya penampilan sangat unik,Netral
irish bella akhirnya dipersatukan lagi dengan ammar zoni di 'madu murni,Netral
askrlfess soalnya pas film gundala bodoh banget aku kapok nonton marvel series versi indonesia begini,Netral
backsound wajib trailer film horor holiwud kalau bass dheemm high note treengg silence terus jumpscare backsound wajib trailer film horor indonesia lagu pop yang tone-nya kayak dari radio am atau tembang jawa silence terus jumpscare,Positive
rt cittairlanie seram seram sedap ini salah satu dari sedikit film indonesia yang dialognya jelas koheren logis enak banget ditonton,Netral
setelah lama dinanti akhirnya film ranah warna akan segera tayang di bioskop pada juni dengan mengangkat kisah merantau nilai-nilai yang dapat diambil nantinya oleh penonton indonesia,Netral
keinget film joker juga pas momen dia diundang kah acara televisi beda platform saja bedanya ini di salah satu kanal youtube terbesar di indonesia,Netral
jadi selagi lagi liburan sekolah kalau ada waktu harus nonton film keluarga cemara maju terus perfilman indonesia dan kita harus selalu dukung film-film indonesia iya,Netral
watchmenid pengabdi setan danur lanjut juga ada mumun itu baru wajah film horror indonesia kkn cuma menang hype saja serem tidak joget-joget saja,Netral
satria dewa gatotkaca memanglah salah satu film indonesia rizky nasar juga memerankan gatotkaca dibantu dengan arahan hanung bramantyo,Netral
askrlfess balik lagi kah masalah basic film indonesia alur cerita dan akting pemain,Netral
akumahluk memang salah satu film indonesia,Netral
informasi untuk dan tidak oleh oleh fashion film untuk arena homme korea akan dirilis pada senin juni wib eng sm_nct dan,Netral
rt moviemenfes prenjak in the year of the moneky film pendek indonesia pertama yang menang cannes film festival anggap saja,Netral
moviemenfes prenjak in the year of the moneky film pendek indonesia pertama yang menang cannes film festival anggap saja sekelas oscar untuk film komersial tentang kelas sosial dan uang yang semuanya dipersembahkan di bawah meja dan tidak ada di youtube maap ,Netral
foto keke tumbuan anak mendiang rima melati pekerja film yang punya penampilan sangat unik,Netral
strategi_bisnis lagia film ini kebareng sama film film yang opsinya jauh lebih menjajikan entah film indonesia atau luar,Netral
moiobi sumpah ini film horror indonesia satu-satunya yang bikin aku takut kah kamar mandi sendirian kalau malam pas habis nonton,Netral
fakta my sassy girl film legendaris korea yang dibuat versi indonesia,Netral
moviemenfes soalnya film indonesia,Netral
rt mysumatera kkn desa penari tembus juta penonton ini merupakan rekor pertama untuk film indonesia yang bisa tembus sampai juta,Netral
rt review jelek bukan menjadi jaminan penontonnya dikit atau jusru orang jadi males nonton filmnya begitupun review bagus,Netral
strategi_bisnis takutnya dengan keadaan seperti ini para produsen film jadi kapok dan tidak mau bikin film sejenis ini padahal cgi nya sudah bagus menurut saya sebuah kemajuan dari industri film indonesia,Netral
rt pak_irv kalau di holiwud ada tradisi antar sutradara dan studio untuk memberikan selamat kepada film dan studio yang larisnya melewati fil,Netral
rt pacekriboow saptadi arie_kriting orang papua juga orang maluku flores manado bugis dan lain-lain akan tetap indonesia mau kakak,Netral
taeminiwinnie moviemenfes kalau tidak salah dari indonesia sudah ngajuin hal itu kasih rate bahkan minta bagian itu saja dihapus tapi sama pihak disneynya tidak mau karena berdalih ini film kartun buat semua usia correct me if i'm wrong,Negative
rt dua gambar yang mirip tapi tidak sama di atas adegan film korea hyena di bawah adegan teater politik nkri nasib masa depa,Netral
lightyear dilarang tayang karena adegan lgbt,Netral
strategi_bisnis masih panjang perjuangan film indonesia jangan jauh jauh mau kayak hollywood kejar dahulu seperti bollywood film india pemeran tidak ada yang dibuat buat castingny forte,Netral
gala premiere film ranah warna digelar meriah pada kamis berlokasi di cinema xxi epicentrum walk jakarta film ini hadir di bioskop seluruh indonesia pada tanggal juni,Netral
ayo kah bioskop nonton film indonesia,Netral
rt memefess kalau nonton film bisa merubah pola pikir orang seharusnya anak indonesia semua sudah beragama budha karena anak,Netral
followdulusyg moviemenfes kok terlanjur basi film hero kaya begini memang butuh proses syuting lama bang dceu saja bisa bertahun-tahun apalagi sekelas indonesia yang masih belajar buat film hero nanti kalau dibuat bahkan protes karena jelek,Netral
moviemenfes film indonesia paling inspiratif sejauh ini,Netral
tidak heran sih karena bioskop juga telah dilengkapi dengan berbagai macam teknologi pendukung agar sensasi menonton film dapat tercipta saat ini keberadaan bioskop di indonesia telah berkembang cukup signifikan,Netral
sejarah hadirnya bioskop di indonesia menonton film di bioskop merupakan kegemaran bagi kebanyakan orang karena memiliki sejumlah kelebihan dibandingkan hanya menonton di rumah,Netral
ngomong-ngomong ini bukan untuk mencari padanan kata-kata penyihir di atas kah dalam bahasa indonesia yaa tapi untuk jelasin perbedaannya apa saja soalnya dalam literasi kita baik itu dalam buku film game kata-kata di atas cuma diartikan sebagai penyihir saja,Negative
ngeri-ngeri sedap masuk box office film indonesia perjalanan bene dion penulis skenario juta penonton ditolak beberapa ph,Netral
mvs cw estelle linden artis indonesia yang pernah buat film lesbian sekaligus jadi peran utamanya yang berjudul 'mia tentang rasa cinta mia estelle linden pada wanita yang dipuja sejak kecil hingga dewasa bisa nonton ini di strotv,Netral
strategi_bisnis salah milih judul indonesia tidak sehebat dahulu tahun an film action legenda seperti si pitung jaka sembung dan lain-lain bisa sukses besar karena merakyat gatotkaca terlalu javanis banget yang benci orang jawa tidak akan nonton film ini ini film juga iklan nya banyak,Positive
mengandung unsur lgbtq majelis ulama indonesia tolak film lightyear tayang di indonesia,Netral
strategi_bisnis indonesia orang terkaya pebisnis rokok film yang selalu laku film horror,Netral
strategi_bisnis karena memang film ini seharusnya rugi dan sebaiknya tidak ada tolong indonesia berhenti bikin film sampah kalau mau bikin film tolong yang bagus tidak cuma sekedar budget gede tolak ukur film bagus dan niat itu bukan cuma di budget camkan itu wahai produser sutradara sampah,Netral
kpk_ri mudah mudahan berhasil iya menamkan anti korupsi lewat media film semoga yang nonton film orang orang yang memang takut akan korupsi tapi ini indonesia hanya menganggap film di anggap angin lalu saja korupsi tetap berjalan bahkan mungkin semakin pandai mencari celah biar,Netral
tahukah kamu ini film pertama indonesia dari adaptasi novel beritajogja jogja jogjaistimewa,Netral
hypenya bumilangit film indonesia itu sering banget ada klise lagi ramai horror semua horror nah ini kesannya lagi ramai super hero semua super hero orang kayak sudah males duluan kali iya mengingat gundala juga kayak bare minimum buat film super hero yang bagus,Positive
moviemenfes saya saja tidak tahu kalau film ini sudah tayang dan kalau tayangnya di indonesia,Netral
produk baru luts premium for film maker beli sekarang indonesia foto jakarta bali bandung instagram indonesiaku,Netral
rt cittairlanie seram seram sedap ini salah satu dari sedikit film indonesia yang dialognya jelas koheren logis enak banget ditonton,Netral
sbyfess film ini bagus banget kok asal tidak terlalu tinggi ekspektasinya soalnya ini film indonesia kalau di banding marvel iya jelas jauh lah soalnya biaya produksi nya tidak sampai nya tertawa memang agak kurang marketing nya dan kenapa tidak kah podcast om deddy saja sih mungkin bisa jadi ramai,Netral
strategi_bisnis indonesia bikin film dari kisah nyatapun digarap dengan entah kurang dana entah kurang jago dalam penggarapan hasilnya bahkan bagi penonton film tersebut seakan film fiksi yang tidak pernah ada padahal indonesia untuk ide cerita sangat banyak tapi penggarapan saja,Netral
strategi_bisnis kritik klasik kmbali meluncur orang luar bikin film fiksi bhkn ide ceritanyapun sederhana tapi penggarapan dengan apik dan sempurna hasilnya bgi penonton film tersebut seakan film yang diangkat dari cerita nyata indonesia,Netral
sigercep moviemenfes bagus atau tidak nya relatif sih gausah salah rakyat indonesia bukannya tidak mau dukung tapi kalau memang film nya tidak sesuai selera apa harus memaksa nonton dibuat nya film tujuannya untuk hiburan kalau nonton tapi tidak menikmati film nya untuk apa,Netral
strategi_bisnis indonesia belum siap dengan film hero hero an,Netral
film indonesia yang dicekal pemerintah nomor terakhir produksi tahun,Netral
film indonesia yang dicekal pemerintah nomor terakhir produksi tahun sindonews bukan berita biasa,Netral
mimpiin taehyung main film dokumenter by cgf rilis dibeberapa negara asia tapi indonesia tidak termasuk hai kenapa ini mimpi bangtan terus,Positive
tahukah kamu ini film pertama yang mengangkat cerita indonesia beritajogja jogja jogjaistimewa,Netral
tahukah kamu ini film berdurasi panjang pertama di indonesia beritajogja jogja jogjaistimewa,Netral
bicyclenamu moviemenfes smaa ah padahal saya kalau ada film indonesia selalu dukung banget dan tidak membandingkan sama film luar kok krena yaa memang beda dari segi apapun,Netral
rt pacekriboow saptadi arie_kriting orang papua juga orang maluku flores manado bugis dan lain-lain akan tetap indonesia mau kakak,Netral
moviemenfes sumpah demiapa padahal ini film potensinya bagus banget buat indonesia ngembangin genre superhero kenapa yak tidak ada yang mau support apa kemakan di internet yang bilang plot-nya jelek kurang greget dan sebagainya at least support biar tidak rugi dan bisa memperbaiki kekurangannya,Negative
rt tarizsolis rekomendasi film indonesia kali ini aku akan sedikit berbagi rekomendasi film-film indonesia keren untuk kamu yang,Netral
rt komik_ksiana waktunya kuis nostalgia film terbaik kolaborasi komik cinemagsnews film indonesia telah melalui sejarah panjang gen,Netral
rt cinemalinea akhirnya bisa nonton noda ranjang membekas gilaakk di sepanjang film senyum-senyum sendiri seru dan menyenangkan amer,Netral
ambivailence moviemenfes mjb memang sudah tradisi film indonesia itu rilisnya tiap hari kamis,Netral
rt dua gambar yang mirip tapi tidak sama di atas adegan film korea hyena di bawah adegan teater politik nkri nasib masa depa,Netral
strategi_bisnis kayaknya sedap selamat karena penonton stand up comedy indonesia min selain tentu saja batak itu sendiri kalau diperhatikan tiap film yang sutradara atau pemainnya anak standupindo yang rata-rata influencer di media sosial lumayan penontonnya,Netral
rt infodrakor_id konferensi pers film emergency declaration cast song kang ho lee byung hun jeon do yeon kim nam gil im siwan kim so jin apa,Netral
strategi_bisnis kalau film superhero lokal untuk indonesia lebih bagusnya mungkin dbikin film animasi atau komin webtoon dahulu jadi ada perkenalan yang halus jadi sudah kenal apa dan siapa,Netral
nonton film dilan subtitle indonesia indoxxi,Netral
rt vivacoid terlalu vulgar film korea dilarang tayang di bioskop indonesia,Negative
industri film indonesia,Netral
rt discommie penonton film indonesia mengunjungi kecamatan menteng buset ini mah referensi joko anwar banget,Netral
mat kilau meskipun aku orang indonesia jujur film ini buat aku menangis the best,Positive
naksirnanon moviemenfes indonesia juga suka yang hero dan action film marvel akan semua kayanya memang kurang promosi sih coba kalau bikin campaign trend dan seperti marketingnya kkn yang sudah hari dibikin pasti akan banyak yang nonton,Positive
rt vivacoid terlalu vulgar film korea dilarang tayang di bioskop indonesia,Negative
terlalu vulgar film korea dilarang tayang di bioskop indonesia,Negative
nonton film bioskop indoxxi subtitle indonesia film drama korea subtitle indonesia film semi subtitle indonesia link indoxxi indoxx bioskopkeren cinema layarkaca xx,Netral
apakah film yang dilarang di indonesia link dowloadnya dimana,Netral
strategi_bisnis nah ini sineas sineas para pelaku film tidak bisa iya kalau bukan satu produksi ikut promokan hahaha atau kalau tidak ada duitnya tidak mau begitu demi kemajuan film indonesia hahaha,Positive
rt infodrakor_id konferensi pers film emergency declaration cast song kang ho lee byung hun jeon do yeon kim nam gil im siwan kim so jin apa,Netral
seram seram sedap ini salah satu dari sedikit film indonesia yang dialognya jelas koheren logis enak banget ditontonnya konfliknya makes sense duduk perkaranya jelas,Netral
saya berharap semoga film indonesia bisa menjadi tempat yang tepat untuk kami semua yang ingin belajar tentang arti menerima mendengar dan menjaga bangga film indonesia,Netral
yang paling penting bukan seberapa banyak jumlah penontonnya melainkan seberapa banyak impact positive dan pelajaran berharga yang bisa kita bagikan kah penonton film indonesia ingat penonton film indonesia tidak bisa dipaksaa nonton woy,Positive
review jelek bukan menjadi jaminan penontonnya dikit atau jusru orang jadi males nonton filmnya begitupun review bagus gamenjamin orang akan nonton filmnya selera pasar penonton film indonesia memang tidak bisa ditebak,Netral
sigercep moviemenfes ckckck dukung perfilman indonesia lah kalau menurut saya filmnya tidak menarik buat ditonton iya tidak saya tonton uangnya lebih baik buat nonton film lain mau film indonesia atau luar laku atau tidak lakunya itu sudah resiko,Netral
we tahu akan ada film ini tapi minim marketing coy bahkan we tidak tahu ini film sudah ada di bioskop perasaan kemarin coming soon jangan salahkan rakyat indonesia jika memang ini film kurnag di perkenalkan sejak awal,Netral
adegan ciuman di film indonesia,Netral
ada film ampas marketingnya bagus kaya kkn ada film bagus eh marketingnya yang ampas perfilman di indonesia tidak konsisten,Netral
apakah film yang dilarang tayang di indonesia link dowloadnya dimana,Netral
rt moviemenfes mvs the ladies of kkn ini cantiknya itu cantik indonesia iya finally begitu satu film tidak ada uang yang castnya https,Netral
update film informasi film sinopsis satria dewa gatotkaca rilis juni pada awal juni film indonesia akan diramaikan dengan sebuah cerita pahlawan super bertajuk satria dewa gatotkaca film ini beritafilm,Positive
moviemenfes penonton belum percaya kalau indonesia bisa bikin film superhero bagus jadi males nnton,Netral
coba sebutin judul film indonesia yang menurut kalian bagus banget dan worth to watch dong mvs,Positive
hahahaha sumpah yang buat cerita ini otaknya sudah los dol habis sudah tidak cukup cuan lagi boss bicara sudah tidak punya ide kreatif lagi boss bicara dari lebih penduduk indonesia tidak mungkin tidak ada manusia yang tidak jago dalam menulis cerita baik itu untuk film atau sinema elektronik,Positive
sampai umur segini saya paling tidak bisa nontonin film horror apapun itu apalagi si mumun sama jepri ini dari jaman saya kecil sudah bikin takut otak terlalu liar bentukan setan indonesia,Netral
rt cinnamongirlc collective psychosis penasaran tidak kenapa film indonesia jaman dulu era tidak ada pocong pocongnya karena penampakan dib,Netral
pernah bingung saat ada yang ngetwit untuk nonton film ben jody supaya paham tentang konflik lahan petani njir disuruh nonton yang fiksi agar paham masalah dunia asli padahal konflik begini nyaris setiap hari terdengar dari seluruh penjuru indonesia,Netral
rt memefess kalau nonton film bisa merubah pola pikir orang seharusnya anak indonesia semua sudah beragama budha karena anak,Netral
moviemenfes menurutku ini bagus kok untuk katagori hero indonesia karena suka sejarah apalagi fans nya mahabarata india jadi pas nonton ini ada keseruan tersendiri terus lihat aktor-aktor kece di film ini yang akting nya luar biasa walaupun tidak sempurna tapi worth to watch ,Positive
apakah aktor indonesia yang membintangi film fast and furious tts link dowloadnya dimana,Positive
rt cinemalinea akhirnya bisa nonton noda ranjang membekas gilaakk di sepanjang film senyum-senyum sendiri seru dan menyenangkan amer,Netral
rt cinnamongirlc collective psychosis penasaran tidak kenapa film indonesia jaman dulu era tidak ada pocong pocongnya karena penampakan dib,Netral
rt cittairlanie seram seram sedap ini salah satu dari sedikit film indonesia yang dialognya jelas koheren logis enak banget ditonton,Netral
apakah film indonesia terburuk yang pernah dirilis link dowloadnya dimana,Netral
dari dahulu pengin banget cerita timun emas diangkat kah layar bioskop dengan fokus pada fantasi dan petualangannya iya aku menunggu indonesia bikin film fantasi dengan kualitas yang lebih bagus lagi,Netral
rt unmagnetism baru saja nonton ngeri-ngeri sedap dan ternyata film ini bagus banget film indonesia terbaik yang nonton di setidakn,Netral
rt infodrakor_id konferensi pers film emergency declaration cast song kang ho lee byung hun jeon do yeon kim nam gil im siwan kim so jin apa,Netral
saat lagi berantemin film indonesia yang baru saja tayang saya bahkan masih tidak bisa move on sama obi wan kenobi episode gila sih scene rematch obi vs vader,Negative
rt cittairlanie seram seram sedap ini salah satu dari sedikit film indonesia yang dialognya jelas koheren logis enak banget ditonton,Netral
rt cittairlanie seram seram sedap ini salah satu dari sedikit film indonesia yang dialognya jelas koheren logis enak banget ditonton,Netral
virtuaibase hello there pretty one kebetulan horror itu one of my favorite genre jadi kita bisa movie date berdua ini dan aku juga lumayan banyak banget rekomendasi film horror salah satu film horror buatan indonesia menurut aku perempuan tanah jahanam serius itu keren banget nah buat,Positive
nonton film bioskop indoxxi subtitle indonesia film drama korea subtitle indonesia film semi subtitle indonesia link indoxxi indoxx bioskopkeren cinema layarkaca xx,Netral
keluarga cemara film indonesia favoritku tahun ini mudah untuk terikat dan jatuh cinta sama permainan peran widuri yang ciamik dan paripurna penyutradaraan yang punya mood tematik penulisan skenario yang bersahaja sekaligus punya bentuk gaya,Netral
rt sandiuno alhamdulillah program kemenparekraf family sunday movie festival film pendek pertama di indonesia telah menyerap lebih dar,Netral
film indonesia,Netral
laga nonton viralkan film_indonesia kopifenomena filmindonesia link nonton pertaruhan the series episode peran menegangkan jefri nichol di serial laga terbaru,Netral
fcksyji minta film gay indonesia,Positive
hai cgv_id dan aku ada rekomendasi film bagus tentang perjuangan mantan preman dan anak kecil yang diadopsi rilis resminya besok tapi hari ini screening movienya sudah mencapai juta penonton banyak pesan yang bisa diambil.semoga bisa tayang di indonesia juga iya,Netral
moviemenfes sudah sering saya bilang indonesia belum cocok bikin film superhero krena akan di bandingin sama hollywood korsel saja yang sineas nya bagus tidak bikin film superhero mereka lebih fokus drama dan thriller dmna lebih bisa bersaing,Netral
ini film padahal lumayan kalau kategori superhero karya indonesia tapi promosi sama marketing filmya kurang banget bahkan terkesan tidak ada,Netral
hahh saya nungguin film ini mau lihat film superhero indonesia selain gundala sama wiro sableng terus you 're telling me sudah turun layar apa belum,Netral
rt watchmenid tidak nyangka my sassy girl versi indonesia bakal dikemas se-berwarna itu literally secara storytelling jelas tidak se-powerfu,Netral
seram seram sedap baguss filmnyaa lahh yaa banyak scene yang bikin ketawa jujurr kurang buat saya menangis smskskkssk Cuma netes air mata sekali doangg tapi kereenn kok filmnyaa sangat amat indonesia sekalii ini film adatnya kentell bgtt,Netral
vichissoyse bukan saya yang beli tiketnya film indonesia,Netral
rt marathon nonton film indonesia yang baru tayang hari ini my sassy girl keluarga cemara semua cgv_id txtanakbiosko,Netral
marathon nonton film indonesia yang baru tayang hari ini my sassy girl keluarga cemara semua cgv_id txtanakbioskop,Netral
film lightyear dilarang tayang di indonesia karena ada konten berbau lgbt tapi deadpool boleh film endonesa yang ada tokoh bencongnya boleh juga fuck logic banget,Negative
rt cittairlanie seram seram sedap ini salah satu dari sedikit film indonesia yang dialognya jelas koheren logis enak banget ditonton,Netral
rt discommie penonton film indonesia mengunjungi kecamatan menteng buset ini mah referensi joko anwar banget,Netral
sudah paling benar ngikutin marvel saja kalau film indonesia sudah mentok di film horror,Netral
rt cittairlanie seram seram sedap ini salah satu dari sedikit film indonesia yang dialognya jelas koheren logis enak banget ditonton,Netral
rekomendasi film pendek indonesia via youtube halo rek aku ada beberapa rekomendasi film pendek yang bisa kamu tonton buat dijadiin amunisi di waktu gabutmu ini heheheh film-film ini semuanya aku tonton di youtube dan gratis cus cus cus buruan tonton,Netral
rt filmkelcemara hari ini keluarga cemara tayang di bioskop ayo ajak adik kakak teteh aa abah emak paman bibi kakek nenek,Netral
jefrinichol film mysassygirl bagus ternyata iya versi indonesia nya,Netral
rt discommie penonton film indonesia mengunjungi kecamatan menteng buset ini mah referensi joko anwar banget,Netral
anak di bawah umur dilarang nonton,Netral
film semi jul istri tolak ibu mertua pun jadi umi natsukawa subtitle indonesia bieunjoy viral,Netral
rt cittairlanie seram seram sedap ini salah satu dari sedikit film indonesia yang dialognya jelas koheren logis enak banget ditonton,Netral
alhamdulillah my sassy girl diprediksi mencapai penonton di hari pembukaan awal yang baik untuk film remake ini semoga my sassy girl indonesia jadi film remake terbaik dan terlaris,Netral
menangis banget terima kasih teman-teman rekomennya film bertemakan drama keluarga indonesia memang tidak pernah salah,Netral
hahahabrother warga tiktod memang anti kritik kalau soal film indonesia wwkwk,Netral
rt rakyat indonesia jangan nonton film unfaedah ini iya,Netral
yudhitrielz julitin film horror indonesia wkwkwk tapi iya film horror indonesia yang bagus keitung saja sih sisanya iya begitu,Netral
ingin tahu tidak sih kondisi real keluarga indonesia kayak bagaimana think sama sih seperti yang dikisahkan dalam film ngeri-ngeri sedap intip ayo reviewnya kak marantina disini wkomunitas komunitasisb,Positive
rt watchmenid tidak nyangka my sassy girl versi indonesia bakal dikemas se-berwarna itu literally secara storytelling jelas tidak se-powerfu,Netral
apakah genre film yang paling diminati di indonesia link dowloadnya dimana,Netral
rt rakyat indonesia jangan nonton film unfaedah ini iya,Netral
rt cittairlanie seram seram sedap ini salah satu dari sedikit film indonesia yang dialognya jelas koheren logis enak banget ditonton,Netral
rt cittairlanie seram seram sedap ini salah satu dari sedikit film indonesia yang dialognya jelas koheren logis enak banget ditonton,Netral
rt cittairlanie seram seram sedap ini salah satu dari sedikit film indonesia yang dialognya jelas koheren logis enak banget ditonton,Netral
saya bahkan pengin indonesia bikin kolosal tentang peperangan begitu yang melibatkan banyak orang tapi kayaknya tidak ada biaya produksinya lebih tinggi tidak iya film superhero sudah super mainstream bagi saya,Positive
film indonesia butuh banyak 'bene dion,Netral
rt pak_irv kalau di holiwud ada tradisi antar sutradara dan studio untuk memberikan selamat kepada film dan studio yang larisnya melewati fil,Netral
helmiboboy aktris senior indonesia aktif sejak tahun film pertama beliau sampai sekitar tahun awal beliau juga sudah mendapatkan banyak penghargaan di bidang film,Netral
kdm film alienoid nanti tayang di indonesia tidak ,Netral
terakhir diwedeni demit seminggu lalu pas moleh ngetril jam bengi nde daerah hutan nongkojajar teko bromo nek ndelok film demit indonesia ngene iki sing garai terkaget-kaget backsound music,Netral
rt cittairlanie seram seram sedap ini salah satu dari sedikit film indonesia yang dialognya jelas koheren logis enak banget ditonton,Netral
rt indonesianatv berita duka cita datang dari dunia perfilman indonesia rima melati seorang aktris senior meninggalkan kita untuk selam,Netral
saya nonton film anak-anak saya jaga saya ajak nonton film yang mendidik jam sholat tidak terganggu film memang fiksi tapi yang tertarik teknologi nya,Netral
link nonton resmi dan sinopsis film keluarga cemara romantika keluarga indonesia keluarga cemara film,Netral
film ranah warna yang dibintangi oleh arbani yasiz dan amanda rawles bakal tayang di bioskop indonesia mulai ranah warna,Netral
ranah warna suka sama film indonesia yang mengambil budaya dan bahasa daerah selain suka sama sosok alif bukan hanya menjual cerita kekayaan orang tua tapi dari perjuangan hidupnya jadi yang sedang berjuang jangan patah semangat yah teman-teman,Netral
rt moviemenfes mvs the ladies of kkn ini cantiknya itu cantik indonesia iya finally begitu satu film tidak ada uang yang castnya https,Netral
rt unmagnetism baru saja nonton ngeri-ngeri sedap dan ternyata film ini bagus banget film indonesia terbaik yang nonton di setidakn,Netral
rt convomf daftar film bagus yang tayang di bioskop indonesia minggu ini dua dibawah tayang besok reviewnya pada bilang ramai tert,Netral
rt infodrakor_id konferensi pers film emergency declaration cast song kang ho lee byung hun jeon do yeon kim nam gil im siwan kim so jin apa,Netral
rt pak_irv kalau di holiwud ada tradisi antar sutradara dan studio untuk memberikan selamat kepada film dan studio yang larisnya melewati fil,Netral
link nonton film keluarga cemara secara legal bioskop bukan indoxxi rebahin telegram atau link film keluarga cemara malamjumat indonesia,Positive
plantophilie memang aku sendiri juga lebih kenalnya sama istilah yang di inggris karena banyak refrensinya dari film game dan lain-lain kalau di indonesia yang dikenalin cuma dukun saja,Negative
strategi_bisnis kadang film bagus itu belum tentu penontonnya bagus juga bahkan kadang yang penontonnya jutaan bisa dibilang filmnya biasa saja tapi tidak semuanya ada juga yang memang bagus intinya film indonesia yang banyak peminat mah genre horor semangat sayang rizkynazaarr,Netral
rt cittairlanie seram seram sedap ini salah satu dari sedikit film indonesia yang dialognya jelas koheren logis enak banget ditonton,Netral
situs nonton gratis film triple tayang ulang malam ini kamis juni di transtv lengkap sub indonesia,Netral
film indonesia rasa hollywood ini menampilkan adegan hot uli auliani dengan lawan mainnya,Positive
hari ini saya baru saja rewatch film indonesia romantis comedi tipis tipis dimana film ini adalah film favorit romantis terbaik menurut saya soalnya jarang sih suka film romantis indonesia,Netral
rt umi_lestari bersama kritikuskritikus muda dan pemateri workshop kritik film indonesia adrianjonathan auliadam postkelonial https,Netral
rt cittairlanie seram seram sedap ini salah satu dari sedikit film indonesia yang dialognya jelas koheren logis enak banget ditonton,Netral
rt cinemalinea akhirnya bisa nonton noda ranjang membekas gilaakk di sepanjang film senyum-senyum sendiri seru dan menyenangkan amer,Netral
innalillahi wa inna illaihi rojiun indonesia kembali kehilangan atris terbaik tanah air.rima melati mengenang kembali film yang pernah dibintanginya 'salah asuhan simple scripts mengucapkan turut berduka-cita karyanya akan selalu dikenang selamat jalan semoga allah berkahi,Netral
rt forumfilmbdg selamatt jalan ibu rima melati makasihh atas konsistensi dedikasi dan sumbangsihnya untuk film indonesia atas jasa,Netral
selamatt jalan ibu rima melati makasihh atas konsistensi dedikasi dan sumbangsihnya untuk film indonesia atas jasa dan pengabdiannya beliau dianugerahi lifetime achievement festival film bandung bersama agus kuncoro membaca nomine,Netral
rt unmagnetism baru saja nonton ngeri-ngeri sedap dan ternyata film ini bagus banget film indonesia terbaik yang nonton di setidakn,Netral
kalau pendatang baru lebih baik ambil series atau peran kecil sih di film bagaimana pun bioskop indonesia punya kelas sendiri modal viral saja agak susah mikat penikmat film indonesia,Netral
rt trans ya untuk at home radio cerita selama syuting ada banyak aku tahu ini sesuatu yang aku pik,Netral
rt discommie penonton film indonesia mengunjungi kecamatan menteng buset ini mah referensi joko anwar banget,Netral
rt memefess kalau nonton film bisa merubah pola pikir orang seharusnya anak indonesia semua sudah beragama budha karena anak,Netral
vegatroz strategi_bisnis terlepas dari figur-figur yang aku juga tidak mengerti cerita aslinya pengennya sih lokal punya kayak marvel versi sendiri begitu bayangin film genre ini bisa ditonton puluhan juta orang indonesia masak versi lokalnya tidak bisa ditonton sama minimal sepersepuluhnya lah,Negative
strategi_bisnis strategi marketing launching film pas liburan sekolah targetnya rumah tangga yang sudah memiliki anak kalau film gagal total kaca krg laku karena imagenya beda dengan sosok yang sudah tertanam dibenak orang-orang selain itu gatotkaca lebih kah budaya india bukan figur ciptaan asli indonesia rinositorus,Netral
rt moviemenfes mvs the ladies of kkn ini cantiknya itu cantik indonesia iya finally begitu satu film tidak ada uang yang castnya https,Netral
kapan lagi bisa streaming film indonesia secara legal,Positive
rt cinemalinea akhirnya bisa nonton noda ranjang membekas gilaakk di sepanjang film senyum-senyum sendiri seru dan menyenangkan amer,Netral
rt cittairlanie seram seram sedap ini salah satu dari sedikit film indonesia yang dialognya jelas koheren logis enak banget ditonton,Netral
rt cinnamongirlc collective psychosis penasaran tidak kenapa film indonesia jaman dulu era tidak ada pocong pocongnya karena penampakan dib,Netral
rt trans ya untuk at home radio yuta bilang dia punya guest star hari ini yaitu ryoki dari be first yang ada di fi,Positive
rt moviemenfes mvs the ladies of kkn ini cantiknya itu cantik indonesia iya finally begitu satu film tidak ada uang yang castnya https,Netral
rt cittairlanie seram seram sedap ini salah satu dari sedikit film indonesia yang dialognya jelas koheren logis enak banget ditonton,Netral
yayan ruhiyan main film di malaysia kah kapan tayang di indonesia ini ,Positive
rt cinnamongirlc collective psychosis penasaran tidak kenapa film indonesia jaman dulu era tidak ada pocong pocongnya karena penampakan dib,Netral
lsf soal lightyear belum tayang di indonesia disney belum setor film,Netral
baru saja nonton ngeri-ngeri sedap dan ternyata film ini bagus banget film indonesia terbaik yang nonton di setidaknya smpe twit ini dibuat,Netral
rt moviemenfes mvs the ladies of kkn ini cantiknya itu cantik indonesia iya finally begitu satu film tidak ada uang yang castnya https,Netral
si kecil sangat menyukai film-film superhero ayo ajak mereka melihat berbagai keseruan marvel studios universe of heroes exhibition indonesia di jakarta,Netral
collective psychosis penasaran tidak kenapa film indonesia jaman dulu era tidak ada pocong pocongnya karena penampakan dibentuk dari imajinasi rame-rame,Netral
lightyear kemungkinan batal tayang di indonesia,Netral
rt memefess kalau nonton film bisa merubah pola pikir orang seharusnya anak indonesia semua sudah beragama budha karena anak,Netral
kebiasaan nonton film bahasa luar giliran nonton film indonesia dan mereka tidak jelas bicara apa tidak ngarti,Netral
rt memefess kalau nonton film bisa merubah pola pikir orang seharusnya anak indonesia semua sudah beragama budha karena anak,Netral
rt cittairlanie seram seram sedap ini salah satu dari sedikit film indonesia yang dialognya jelas koheren logis enak banget ditonton,Netral
trans ya untuk kolaborasi film ya untuk aathome pecinta kopi yuta berbicara dengan craftboss di satu tangan cerita yuta disini berkaitan dengan perasaan jujur cari tahu semua di videonya dan,Netral
rt cnnindonesia film indonesia hasil adaptasi korea my sassy girl hingga sunyi,Netral
seneng banget sama nuansa film ranah warna menyajikan pemandangan alam di indonesia juga di luar negeri,Netral
rt duniaku_com dikonfirmasi akan rilis pada september mendatang,Netral
dikonfirmasi akan rilis pada september mendatang,Netral
film indonesia hasil adaptasi korea my sassy girl hingga sunyi,Netral
saya berharap film indonesia bangkit tapi karena si desi yang teubat tidak sudi nonton,Netral
lupa kapan terakhir kali nonton film indonesia senangis ini kepala masih pusing sampai sekarang menangis kejer terima kasih iya bene_dion sudah nulis bikin film sebagus ini pesan kalau sampai gita bhebhita tidak menang atau minimal masuk nominasi piala citra bubarkan saja itu ffi,Negative
rt syh_list poster terbaru serial house of the dragon serial tayang agustus di hbo di indonesia dapat ditonton lewat hbo go,Netral
ffi festival film indonesia dahulu yang berlokasi di gedung sate bandung tahun berapa iya saya baca tahun nya tidak nampak,Netral
rt ranah warna sekarang lagi banyak film indonesia iya manteman hayoo jadwalin nonton film ranah warna bareng keluarga sah,Netral
rt pastinya tidak sabar iya buat menantikan tayangnya film ranah warna ceritanya bagus bngt ada sedihnya lucu dan pastinya san,Netral
rt andiniharsono bioskop sudah ramai lagi dipenuhi dengan film indonesia yeeayy salah satunya film ranah warna duhh beneran suka sama lata,Netral
rt daffana film indonesia sudah mulai banyak yaa pecinta film indonesia tandain ini film ranah warna akan tayang di bioskop tanggal,Netral
rt pastinya tidak sabar iya buat menantikan tayangnya film ranah warna ceritanya bagus bngt ada sedihnya lucu dan pastinya san,Netral
cenayangfilm jarang nonton film indonesia tapi ini sih tidak boleh di skip,Netral
